{
  "name": "ionic-letter-avatar-selector",
  "homepage": "https://github.com/ivandroid/ionic-letter-avatar-selector",
  "version": "1.0.5",
  "authors": [
    {
      "name": "Ivan Weber",
      "email": "ivan.weber@gmx.de"
    }
  ],
  "license": "MIT",
  "main": [
    "dist/ionic-letter-avatar-selector.min.js",
    "dist/ionic-letter-avatar-selector.min.css"
  ],
  "ignore": [
    "src",
    "test",
    "gulpfile.js",
    "karma-*.conf.js",
    "**/.*"
  ],
  "dependencies": {},
  "devDependencies": {
    "angular-mocks": ">=1.2.0",
    "angular-scenario": ">=1.2.0",
    "angular": ">=1.2.0"
  },
  "_release": "1.0.5",
  "_resolution": {
    "type": "version",
    "tag": "v1.0.5",
    "commit": "d6c167843b9464f0694cb096a3fa4a4a3b600b3d"
  },
  "_source": "https://github.com/ivandroid/ionic-letter-avatar-selector.git",
  "_target": "^1.0.5",
  "_originalSource": "ionic-letter-avatar-selector",
  "_direct": true
}