[
  {
    "title":"6#",
    "body":"核心交换电信互联交换"
  },
  {
    "title":"7#",
    "body":"波分设备DMZ交换机PIX、Maxnet"
  },
  {
    "title":"31#",
    "body":"网络"
  },
  {
    "title":"8#",
    "body":"核心7609、Webvpn(Juniper)、安腾"
  },
  {
    "title":"32#",
    "body":"网络？"
  },
  {
    "title":"9#一卡通",
    "body":"圈存机、管理平台、图书馆FTP"
  },
  {
    "title":"28#",
    "body":"EMC VNX5500存储"
  },
  {
    "title":"10#一卡通",
    "body":"光配线、数据库、备份库、磁盘柜"
  },
  {
    "title":"29#",
    "body":"数据中心服务器"
  },
  {
    "title":"A2#",
    "body":"光纤交换存储、Hitachi"
  }
]
