[
  {
    "title":"18#",
    "body":"Vmware View Server，、备份服务器1-2.19"
  },
  {
    "title":"19#",
    "body":"创发计费1、DSView服务器、创发计费2、虚拟机2.57(电信外网)、备份服务器2-2.130"
  },
  {
    "title":"20#",
    "body":"CMS后台、外语学院、网络部网管、教务处DB、前湖之风"
  },
  {
    "title":"21#",
    "body":"新闻网"
  },
  {
    "title":"22#",
    "body":"财务处服务器、VPN、期刊社服务器"
  },
  {
    "title":"23#",
    "body":"艺术学院视频会议"
  },
  {
    "title":"24#",
    "body":"节能监控平台"
  },
  {
    "title":"25#",
    "body":"保卫处安防监控(4*HP DL160L)、网络中心IP存储（华赛）"
  },
  {
    "title":"26#",
    "body":"神码7600、交换设备"
  },
  {
    "title":"27#",
    "body":"中部中心、软件学院徐健峰、科技园DB、科技园Web、教务处测试"
  },
  {
    "title":"A5#",
    "body":""
  }
]
