[
  {
    "title":"1#",
    "body":"语音配线程控交换"
  },
  {
    "title":"2#",
    "body":"校内楼栋光纤配线"
  },
  {
    "title":"3#",
    "body":"校内楼栋光纤配线"
  },
  {
    "title":"34#",
    "body":"学校保卫处监控"
  },
  {
    "title":"4#",
    "body":"机房机柜光纤配线"
  },
  {
    "title":"30#",
    "body":"华林华医疗"
  },
  {
    "title":"5#",
    "body":"办公区域配线"
  },
  {
    "title":"35#",
    "body":"新光纤汇聚点"
  },
  {
    "title":"A1# Dell",
    "body":"虚拟机精品课程认证计费数据库"
  }
]
