[
  {
    "title":"11#",
    "body":""
  },
  {
    "title":"12#IPv6",
    "body":"IPv6主交换Cisco12000"
  },
  {
    "title":"13#IPv6",
    "body":"IPv6"
  },
  {
    "title":"17#现教",
    "body":"网络教学平台、磁盘阵列"
  },
  {
    "title":"14#一卡通",
    "body":"Oracle数据库、Webservice、管理中心"
  },
  {
    "title":"16#现教",
    "body":"远程教学DB、点播服务器、远程教学Web"
  },
  {
    "title":"15#",
    "body":"电视转播、动环监控"
  },
  {
    "title":"A3#刀片服务器",
    "body":"GoogleMini、OA、OAMail、学校主页、文档服务器"
  },
  {
    "title":"A4# IBM",
    "body":"家园网、教务在线、档案管理"
  }
]
